Model,Accuracy,Precision,Recall,F1_Score,Epochs_Trained
LSTM,0.7426900863647461,0.6344639376218324,0.7426900584795322,0.6841992149942878,7
