Model,Accuracy,Precision,Recall,F1_Score,Epochs_Trained
LSTM,0.7017543911933899,0.6185834957764782,0.7017543859649122,0.6470914127423822,5
