accuracy,loss,val_accuracy,val_loss
0.49673202633857727,1.0160518884658813,0.6231883764266968,0.9400460124015808
0.6666666865348816,0.8214702010154724,0.6521739363670349,0.9130985140800476
0.8120915293693542,0.49958327412605286,0.6231883764266968,0.9211811423301697
0.8839869499206543,0.24889782071113586,0.6811594367027283,0.9460300803184509
0.983660101890564,0.10240255296230316,0.6811594367027283,1.216064214706421
